{
  "project_info": {
    "project_number": "759888780291",
    "project_id": "forex-signals-fa3d3",
    "storage_bucket": "forex-signals-fa3d3.appspot.com"
  },
  "client": [
    {
      "client_info": {
        "mobilesdk_app_id": "1:759888780291:android:152d558af4d153004fc236",
        "android_client_info": {
          "package_name": "com.forex.trading.signals"
        }
      },
      "oauth_client": [
        {
          "client_id": "759888780291-jgvgo2d1marduntjqdg9ej7har2pmef5.apps.googleusercontent.com",
          "client_type": 3
        }
      ],
      "api_key": [
        {
          "current_key": "AIzaSyCzKwXQSIVX2GC8nMqe7Xg-zqBgG0sx1ak"
        }
      ],
      "services": {
        "appinvite_service": {
          "other_platform_oauth_client": [
            {
              "client_id": "759888780291-jgvgo2d1marduntjqdg9ej7har2pmef5.apps.googleusercontent.com",
              "client_type": 3
            }
          ]
        }
      }
    }
  ],
  "configuration_version": "1"
}
